slot,n_claims,accuracy
actor,7800,0.3076923076923077
event,7800,0.9230769230769231
time,7800,0.0
validity,7800,0.0
scope,7800,0.6153846153846154
modality,7800,1.0
source_status,7800,0.3076923076923077
observer_knowledge,7800,0.9230769230769231
world,7800,1.0
